{
  "len": 21,
  "nfft": 14,
  "fftAmpMax": 0.3669965721230037,
  "driftRa": -0.01928571428571431,
  "driftDec": 0.005207792207792217,
  "fftPeriodFirst": 2.1333333333333333,
  "fftPeriodLast": 16
}