{
  "len": 21,
  "nfft": 9,
  "fftAmpMax": 0.4156763097696391,
  "driftRa": -0.01928571428571431,
  "driftDec": 0.005207792207792217,
  "fftPeriodFirst": 2.3333333333333335,
  "fftPeriodLast": 21
}